,0
2015-04-07,-0.030051480673776488
2015-04-08,0.015471486361852351
2015-04-09,0.022839669373721342
2015-04-10,-0.0020964572522535665
2015-04-13,-0.004865143079570652
2015-04-14,0.020442857057174347
2015-04-15,-0.023634022964227012
2015-04-16,0.001503339090815405
2015-04-17,-0.025170349009475606
2015-04-20,0.03244813742789003
2015-04-21,0.007104235837420227
2015-04-22,4.641671479060569e-05
2015-04-23,-0.008155383396421613
2015-04-24,0.02816558654163167
2015-04-27,0.022772754209670402
2015-04-28,-0.09181394584703956
2015-04-29,-0.017823631078996302
2015-04-30,-0.045852281111856304
2015-05-01,0.06104349523538282
2015-05-04,0.004433933003477429
2015-05-05,-0.013900764033230997
2015-05-06,0.03223589663126101
2015-05-07,0.013938611171649275
2015-05-08,0.01372042945558628
2015-05-11,-0.006722499193685838
2015-05-12,-0.0009752133642923193
2015-05-13,-0.02106995467450141
2015-05-14,0.01500700643248698
2015-05-15,-0.0031379322689682135
2015-05-18,0.03020997314063619
2015-05-19,-0.018583174876160694
2015-05-20,0.0038477814947051256
2015-05-21,0.04525547607905675
2015-05-22,0.023749572745818133
2015-05-26,-0.027206100174714264
2015-05-27,0.011576112611397602
2015-05-28,-0.014889183836815669
2015-05-29,0.01771714404169617
2015-06-01,-0.0051971674549169886
2015-06-02,-0.007736739319316359
2015-06-03,0.02107951831418314
2015-06-04,-0.008981384891507366
2015-06-05,-0.010672603849385938
2015-06-08,-0.000313017784899108
2015-06-09,0.0036411911892363542
2015-06-10,-0.007882074811250802
2015-06-11,0.011695406284083658
2015-06-12,-0.012880365902613789
2015-06-15,-0.00022402660030519748
2015-06-16,0.0096311574302987
2015-06-17,-0.009075775628722381
2015-06-18,0.010760396531647103
2015-06-19,-0.014566980897662951
2015-06-22,0.013320039951193682
2015-06-23,0.028881137818656935
2015-06-24,0.013080761820627266
2015-06-25,-0.007518906047973224
2015-06-26,0.0005375778652793118
2015-06-29,-0.014767791551986924
2015-06-30,0.03693477487101664
2015-07-01,0.0167180591981346
2015-07-02,-0.002507931763570099
2015-07-06,-0.01090065348576862
2015-07-07,0.019903077706267737
2015-07-08,-0.011078907971281415
2015-07-09,0.031499555517037536
2015-07-10,0.010140647551228711
2015-07-13,0.0568685576780415
2015-07-14,0.07848480715572417
2015-07-15,0.0006125132335177245
2015-07-16,0.07517869075969082
2015-07-17,0.7166291051510438
2015-07-20,-0.11640467553423844
2015-07-21,0.0027747955249449565
2015-07-22,0.061858123542301156
2015-07-23,-0.10601543385074927
2015-07-24,-0.3550030993699113
2015-07-27,0.04155512562265673
2015-07-28,0.021904211614428404
2015-07-29,0.011077253678446836
2015-07-30,-0.026996530321482158
2015-07-31,-0.03824589360518724
2015-08-03,0.07195483858126053
2015-08-04,0.026143256820812765
2015-08-05,0.08089929359756055
2015-08-06,0.02925131758312071
2015-08-07,-0.031600091410638936
2015-08-10,-0.0637779715468959
2015-08-11,0.2549391322635636
2015-08-12,-0.02294579696615599
2015-08-13,-0.03666197422935907
2015-08-14,-0.013270401110950394
2015-08-17,-0.0026710337358385808
2015-08-18,-0.029506560340320065
2015-08-19,0.063681541751563
2015-08-20,0.0007752397502890779
2015-08-21,-0.06774660864787348
2015-08-24,0.0013735722882925738
2015-08-25,-0.06743434939104517
2015-08-26,0.1302247677005633
2015-08-27,-0.053731493564891875
2015-08-28,-0.05614896822351408
2015-08-31,-0.06023078336984017
2015-09-01,-0.01997182152543263
2015-09-02,0.005309049322311646
2015-09-03,-0.019844027536283997
2015-09-04,0.001785996080218552
2015-09-08,-0.01495919369032267
2015-09-09,0.017999878673579644
2015-09-10,0.01759296706693686
2015-09-11,-0.014214052354823512
2015-09-14,0.007643789420341683
2015-09-15,0.06659336795549109
2015-09-16,-0.019069983395564233
2015-09-17,0.029077845348336018
2015-09-18,-0.093201428748621
2015-09-21,-0.009870859074973579
2015-09-22,-0.036131261652095445
2015-09-23,-0.0019117961066467213
2015-09-24,0.02841136418167195
2015-09-25,-0.0639067997416737
2015-09-28,-0.020391063625238404
2015-09-29,0.06645554210911059
2015-09-30,0.016930297721233112
2015-10-01,-0.011205712472797568
2015-10-02,0.05388531700663567
2015-10-05,0.1201414765746208
2015-10-06,-0.0524357322867236
2015-10-07,0.049436855853136605
2015-10-08,0.022427316225137557
2015-10-09,-0.08788097461195889
2015-10-12,0.09304962553695915
2015-10-13,-0.009685200513217869
2015-10-14,0.04059583939812799
2015-10-15,0.06318327143244117
2015-10-16,0.10804221507373507
2015-10-19,-0.007490204518992554
2015-10-20,-0.1964642048361531
2015-10-21,-0.06539319491962133
2015-10-22,0.015493337418199457
2015-10-23,0.3111725109503034
2015-10-26,0.28763609347488006
2015-10-27,0.02277090639825015
2015-10-28,-0.16915472051332855
2015-10-29,-0.015505259091119293
2015-10-30,0.009147144634174653
2015-11-02,-0.02445363118831121
2015-11-03,-0.048178251327666365
2015-11-04,0.1286719290485236
2015-11-05,0.10815675999506433
2015-11-06,0.03383800125588897
2015-11-09,-0.03666310056697132
2015-11-10,0.17691602295290157
2015-11-11,0.11747740763818951
2015-11-12,-0.03830095362081673
2015-11-13,-0.0033276364234567923
2015-11-16,-0.008225622586169698
2015-11-17,-0.020801078039916973
2015-11-18,-0.008250964124902976
2015-11-19,-0.07966882556536259
2015-11-20,0.05317141895323549
2015-11-23,0.12237718922995128
2015-11-24,-0.10219410567425465
2015-11-25,0.04257097868759506
2015-11-27,0.010333157948225643
2015-11-30,-0.06578496957908332
2015-12-01,0.1854123593048542
2015-12-02,0.02475048825875051
2015-12-03,-0.04625886830379743
2015-12-04,-0.06898620853403095
2015-12-07,0.010456757940309026
2015-12-08,0.038530762603489845
2015-12-09,0.012709247349165453
2015-12-10,-0.033261174669145355
2015-12-11,-0.030967844549456197
2015-12-14,0.1761422203515831
2015-12-15,0.09256985127757777
2015-12-16,0.1009110282767444
2015-12-17,0.06010308332847303
2015-12-18,0.048106298037083245
2015-12-21,-0.027784982768800905
2015-12-22,0.01725623338966646
2015-12-23,-0.05158730074209712
2015-12-24,0.016181283071008273
2015-12-28,0.15653588149336006
2015-12-29,0.04047709948355842
2015-12-30,0.029381083907216263
2015-12-31,-0.007222420197810123
2016-01-04,-0.2506389859334346
2016-01-05,0.05084813380445276
2016-01-06,0.0025845786347315353
2016-01-07,-0.019773350733519185
2016-01-08,-0.011255461930556501
2016-01-11,-0.01799856464591565
2016-01-12,-0.004695787476419997
2016-01-13,-0.043650513821957955
2016-01-14,0.03126382723464126
2016-01-15,-0.06364319219463874
2016-01-19,0.002734092196805456
2016-01-20,0.0007500047883888207
2016-01-21,0.006465207639856885
2016-01-22,0.0016384512554145914
2016-01-25,0.011716920831283652
2016-01-26,0.008997998309237082
2016-01-27,0.060639535636504135
2016-01-28,0.09204020607042082
2016-01-29,-0.003684552991717785
2016-02-01,-0.004558842904533247
2016-02-02,-0.0389538928954124
2016-02-03,-0.10809787321974453
2016-02-04,-0.023319211873982875
2016-02-05,-0.0696998802746267
2016-02-08,-0.0649362097752832
2016-02-09,-0.015065976453757762
2016-02-10,0.044308577878503605
2016-02-11,0.027868294679329254
2016-02-12,0.027366638943519813
2016-02-16,0.0055217345971999635
2016-02-17,0.04452973061732454
2016-02-18,0.00956879254151339
2016-02-19,0.005976411687114623
2016-02-22,0.04621588567295782
2016-02-23,-0.022017469503999756
2016-02-24,-0.01755635060321022
2016-02-25,0.017819838488156464
2016-02-26,-0.03048777163510974
2016-02-29,-0.01757858328951353
2016-03-01,0.030423476748995842
2016-03-02,0.009933553678105105
2016-03-03,-0.040244271258484614
2016-03-04,-0.04153678798605322
2016-03-07,-0.03665502389064498
2016-03-08,0.03306871526167787
2016-03-09,0.04459773534967594
2016-03-10,-0.02421743391376526
2016-03-11,0.035370378768932204
2016-03-14,0.005005154816044806
2016-03-15,-0.019396226075292598
2016-03-16,0.0018709896120044228
2016-03-17,-0.0032406460023935236
2016-03-18,-0.0491143827823431
2016-03-21,0.017074090809029538
2016-03-22,0.00015686675202304136
2016-03-23,0.016297191694364752
2016-03-24,0.030017533490935094
2016-03-28,-0.018189223172807883
2016-03-29,0.017619045917326166
2016-03-30,-0.012439171671228894
2016-03-31,0.0069299729159244434
2016-04-01,0.0021925370275286786
2016-04-04,-0.03142831225023507
2016-04-05,-0.018175303221891533
2016-04-06,-0.01808626460863727
2016-04-07,-0.027307545058431
2016-04-08,-0.006505101371328578
2016-04-11,0.004727150231649868
2016-04-12,0.019776451152007275
2016-04-13,0.005436578011370263
2016-04-14,-0.0134222759228889
2016-04-15,-0.07455855854483728
2016-04-18,-0.10069006665420754
2016-04-19,-0.01041881297523534
2016-04-20,0.008771536387529597
2016-04-21,-0.023395913678978628
2016-04-22,0.06050797015977506
2016-04-25,-0.035416665468469485
2016-04-26,0.0008619334386076941
2016-04-27,-0.1518805618124622
2016-04-28,-0.0742151552118108
2016-04-29,-0.19749827506777864
2016-05-02,-0.07883060831882653
2016-05-03,0.09466410259040775
2016-05-04,-0.028110243349416402
2016-05-05,0.024529614883008997
2016-05-06,-0.054119432679980546
2016-05-09,-0.0020278418048357474
2016-05-10,-0.04917061064527961
2016-05-11,-0.0661899107012339
2016-05-12,-0.09705345570447421
2016-05-13,0.03275087762562589
2016-05-16,0.09996683427766573
2016-05-17,0.0348919851888818
2016-05-18,0.022263526648006585
2016-05-19,-0.01061584835517136
2016-05-20,0.027828015893387202
2016-05-23,0.060945799501303
2016-05-24,0.009799031646908742
2016-05-25,0.03703007026595431
2016-05-26,0.012134746941952941
2016-05-27,0.005609036475746523
2016-05-31,-0.05317548729610941
2016-06-01,-0.0330232059058551
2016-06-02,-0.040110681964534836
2016-06-03,0.01871716138141916
2016-06-06,0.002870865202074621
2016-06-07,0.020350826371157725
2016-06-08,0.007711249505166098
2016-06-09,0.030179569734010373
2016-06-10,-0.010647639056889247
2016-06-13,-0.007334770978136465
2016-06-14,0.0017136895089080498
2016-06-15,0.0066925890095348665
2016-06-16,-0.02489189961313412
2016-06-17,-0.06141607230370562
2016-06-20,-0.021703934214005356
2016-06-21,-0.004112578285637016
2016-06-22,0.008427614727526136
2016-06-23,-0.027546931931086278
2016-06-24,-0.015594659076989481
2016-06-27,0.000617174745771526
2016-06-28,2.36744701158087e-05
2016-06-29,-0.015184530073395423
2016-06-30,0.034046182521374244
2016-07-01,-0.004848257885135963
2016-07-05,-0.040561600033229665
2016-07-06,-0.022593544786338515
2016-07-07,0.004708545859601096
2016-07-08,0.010473092924876796
2016-07-11,0.0015411865501213859
2016-07-12,0.053013943473097354
2016-07-13,0.0050454733852819955
2016-07-14,0.055109391104694615
2016-07-15,0.021762923117970803
2016-07-18,0.060041285041869646
2016-07-19,-0.012095297341877568
2016-07-20,0.005049175618928538
2016-07-21,-0.01194845629051352
2016-07-22,0.0007779214348968728
2016-07-25,-0.008584031696897268
2016-07-26,0.0017468406578085467
2016-07-27,0.1177680229237628
2016-07-28,-0.03464979225788142
2016-07-29,0.040549964300531205
2016-08-01,0.003931788344276238
2016-08-02,-0.0008894586293335706
2016-08-03,0.056121785498159424
2016-08-04,-0.0178303117683567
2016-08-05,0.037827196400804494
2016-08-08,0.01151504563894569
2016-08-09,0.007494601934737067
2016-08-10,-0.014118733606106612
2016-08-11,-0.01063395241918352
2016-08-12,-0.007959003036466135
2016-08-15,0.03749342224390606
2016-08-16,0.0008223968669054567
2016-08-17,0.0033175650469504494
2016-08-18,-0.008110851548128649
2016-08-19,0.029530588626871093
2016-08-22,-0.03223277327142556
2016-08-23,-0.006273854496501254
2016-08-24,0.002365934543675296
2016-08-25,-0.015607195487326099
2016-08-26,-0.05311120239308587
2016-08-29,-0.003969890442536523
2016-08-30,-0.007690731344489112
2016-08-31,-0.013194455244094048
2016-09-01,0.009992068897990196
2016-09-02,0.01701137470593109
2016-09-06,-0.046172819406013255
2016-09-07,0.030220843893097274
2016-09-08,-0.060308928655237064
2016-09-09,0.008963066691826296
2016-09-12,0.02252107231920618
2016-09-13,0.057608169949523474
2016-09-14,0.06930804128595384
2016-09-15,0.055249518003913894
2016-09-16,-0.05554632979025362
2016-09-19,-0.017150403831286187
2016-09-20,-0.006157253150334781
2016-09-21,-0.021528869889075004
2016-09-22,-0.014058044637337827
2016-09-23,-0.036932049229779065
2016-09-26,-0.008661911547076098
2016-09-27,-0.035697841571648445
2016-09-28,-0.04081651199617119
2016-09-29,-0.050719683087979736
2016-09-30,-0.011368353138094221
2016-10-03,-0.020424679993572094
2016-10-04,-0.0013368165624467957
2016-10-05,0.007752988536035237
2016-10-06,0.0011628503993774868
2016-10-07,-0.00038561760467397207
2016-10-10,0.006956313212682136
2016-10-11,-0.009398444429818643
2016-10-12,0.0036225500621500034
2016-10-13,-0.004155640762853757
2016-10-14,0.0008060617129274856
2016-10-17,-0.006710482032672793
2016-10-18,0.004176388412036736
2016-10-19,-0.001707465666889701
2016-10-20,-0.005475465125042968
2016-10-21,0.016330230160230205
2016-10-24,0.019230179558700537
2016-10-25,1.1364396794553196e-05
2016-10-26,-0.01449064242121911
2016-10-27,-0.007491252696538447
2016-10-28,-0.025887115256526746
2016-10-31,0.007925863324946682
2016-11-01,-0.008102646867396642
2016-11-02,-0.012356385604647429
2016-11-03,-0.003025803975930542
2016-11-04,-0.012024701303915732
2016-11-07,0.029733004455062863
2016-11-08,0.003215357057509984
2016-11-09,-0.01074535937745034
2016-11-10,-0.0314058472866995
2016-11-11,0.0015936865462015015
2016-11-14,-0.02298697001658461
2016-11-15,0.023812319780996585
2016-11-16,0.013252377686392256
2016-11-17,0.01059352331811208
2016-11-18,0.0014234093849158694
2016-11-21,0.018106636772089
2016-11-22,0.004544020723913222
2016-11-23,-0.007685542994172191
2016-11-25,0.002175602965356107
2016-11-28,-0.00814465573998351
2016-11-29,-0.0004378934594121914
2016-11-30,-0.01299345655974633
2016-12-01,-0.011669290021037516
2016-12-02,-0.0007745819674453778
2016-12-05,0.013950994502726294
2016-12-06,0.004057719174194497
2016-12-07,0.012799068961907563
2016-12-08,-0.0010055958704712092
2016-12-09,0.009641473998150771
2016-12-12,-0.005562198427484891
2016-12-13,0.01669701378563305
2016-12-14,-0.004649707069311024
2016-12-15,-0.003511348139576686
2016-12-16,-0.002641426669367021
2016-12-19,0.0127472339155096
2016-12-20,0.0033193560916102618
2016-12-21,-3.1445664096619935e-05
2016-12-22,-0.004137348435885466
2016-12-23,-0.004218961429661739
2016-12-27,0.008236878764264693
2016-12-28,-0.00193274991042503
2016-12-29,-0.004450806635107493
2016-12-30,-0.01434453376343342
2017-01-03,0.004688956388537339
2017-01-04,-0.020400865026612883
2017-01-05,-0.05440134783009331
2017-01-06,-0.012361902339496054
2017-01-09,-0.00185021675253671
2017-01-10,0.0035665009567426506
2017-01-11,0.017608329370807908
2017-01-12,-0.056988959986415115
2017-01-13,-0.0066909325752366015
2017-01-17,0.018789445570240853
2017-01-18,0.0027473188566043173
2017-01-19,-0.010153749281356459
2017-01-20,0.018244540218175877
2017-01-23,-0.020938844387842326
2017-01-24,0.007744977904876762
2017-01-25,-0.01739112632724562
2017-01-26,0.01914794710760936
2017-01-27,0.06869860867951649
2017-01-30,-0.0015684637159704522
2017-01-31,-0.0014536485261604187
2017-02-01,-0.0037343683829655847
2017-02-02,-0.0348655240388369
2017-02-03,0.08379221841316846
2017-02-06,0.012500610795905165
2017-02-07,-0.013639311931864255
2017-02-08,-0.016518242874567084
2017-02-09,0.029259992692272918
2017-02-10,-0.019954152777512293
2017-02-13,0.011873651536303003
2017-02-14,0.019976093222127074
2017-02-15,-0.010681640374367642
2017-02-16,-0.007653692051275137
2017-02-17,0.0017694335151510398
2017-02-21,-0.024377784159595635
2017-02-22,0.00011079063470426217
2017-02-23,0.01260883033792073
2017-02-24,0.016903387957183214
2017-02-27,-0.02016101757866512
2017-02-28,0.002312001609957152
2017-03-01,0.02973242443905387
2017-03-02,-0.028025651974385852
2017-03-03,0.01312109658114634
2017-03-06,0.005545435627511957
2017-03-07,0.004672970668772973
2017-03-08,0.0070968418139651
2017-03-09,-0.01880659512508476
2017-03-10,0.008672062527773278
2017-03-13,-0.01350507833307631
2017-03-14,-0.008198063557764064
2017-03-15,0.020131042975709827
2017-03-16,-0.00448342970718581
2017-03-17,0.0043793564252451005
2017-03-20,0.004085574295660344
2017-03-21,0.0025016051330588093
2017-03-22,0.030871574524460807
2017-03-23,-0.00023686028725469158
2017-03-24,0.007936916330149113
2017-03-27,0.00022378903719873352
2017-03-28,0.005333675505406251
2017-03-29,-0.03576171898452879
2017-03-30,0.0034458739018224343
2017-03-31,-0.015599052128738522
2017-04-03,-0.026409448892565107
2017-04-04,-0.014791557912267127
2017-04-05,-0.0013155664841422395
2017-04-06,-0.004464064712549364
2017-04-07,-0.0019829069662703593
2017-04-10,0.004435515625519325
2017-04-11,-0.0073974813021915695
2017-04-12,-0.0038670472835477263
2017-04-13,-0.009331899272570146
2017-04-17,0.009569610685141498
2017-04-18,-0.0017183406536301097
2017-04-19,-0.006201110422515127
2017-04-20,0.008890644222566763
2017-04-21,0.0018071549192308527
2017-04-24,0.008688504220690091
2017-04-25,0.0022593415914112353
2017-04-26,-0.002422027287430609
2017-04-27,0.0060528944647685445
2017-04-28,-0.005822616614236498
2017-05-01,0.023628798113613493
2017-05-02,0.0009727900288709975
2017-05-03,-0.008214010246714185
2017-05-04,-0.005962794804346379
2017-05-05,0.00890757792105803
2017-05-08,0.018109094385843884
2017-05-09,0.0059656439042767755
2017-05-10,-0.0018727552833193099
2017-05-11,-0.0008394156274670128
2017-05-12,0.012327588504015174
2017-05-15,-0.0038802359378567078
2017-05-16,0.00790765008554229
2017-05-17,-0.029008452722193146
2017-05-18,0.011974655931412266
2017-05-19,0.0011636930403301886
2017-05-22,0.009404420307556425
2017-05-23,-0.0010229105786541256
2017-05-24,0.0011468640711537253
2017-05-25,0.0075625424631090045
2017-05-26,0.0012909898337096473
2017-05-30,0.0015493685257208726
2017-05-31,-0.003621709063765707
2017-06-01,0.002618352137691731
2017-06-02,0.01755527832268912
2017-06-05,-0.0026621048135015146
2017-06-06,0.001123846525829507
2017-06-07,0.004240810186951301
2017-06-08,-0.0037952491301692167
2017-06-09,-0.03158565415809663
2017-06-12,-0.01844704141969384
2017-06-13,0.012305182206933588
2017-06-14,-0.007819913639702379
2017-06-15,-0.007827262353852577
2017-06-16,0.004596127754701686
2017-06-19,0.01680981917962834
2017-06-20,-0.008316044853761695
2017-06-21,0.006425821600631577
2017-06-22,-0.0006323832231792055
2017-06-23,0.005457858799349559
2017-06-26,-0.005332703990012906
2017-06-27,-0.014001039862941034
2017-06-28,0.012390171999667488
2017-06-29,-0.013571732366387198
2017-06-30,0.0023768079658802723
2017-07-03,-0.008936662341906447
2017-07-05,0.010688178891856985
2017-07-06,-0.000871831591821204
2017-07-07,0.018415680856324234
2017-07-10,0.02256548153081478
2017-07-11,-0.004794196391534562
2017-07-12,0.0345731072484943
2017-07-13,-0.017432809931696786
2017-07-14,0.006420941713146212
2017-07-17,0.00023081065912197718
2017-07-18,0.02238269330293966
2017-07-19,0.0031466484095300853
2017-07-20,0.0064664368372953605
2017-07-21,0.0029503761158352184
2017-07-24,0.00027802039277020386
2017-07-25,-0.044711809102803014
2017-07-26,-0.0031580001411537564
2017-07-27,-0.0005861246404077428
2017-07-28,0.0029428090246054056
2017-07-31,-0.03373206652573556
2017-08-01,-0.00770801490186055
2017-08-02,-0.07633697702828565
2017-08-03,-0.0018557154555325145
2017-08-04,0.0018901889812458377
2017-08-07,-0.02010323524709593
2017-08-08,-0.015846319004860752
2017-08-09,-0.0231087697751643
2017-08-10,0.0008326054287184845
2017-08-11,0.004354412761114741
2017-08-14,0.0072651289798094255
2017-08-15,-0.018036820515210578
2017-08-16,0.012459892941332368
2017-08-17,-0.014641106432453053
2017-08-18,0.0019809398330613128
2017-08-21,-0.009257843984849651
2017-08-22,0.018744693186166336
2017-08-23,-0.007845084008737246
2017-08-24,-0.006154278500376078
2017-08-25,-0.01876291481094856
2017-08-28,-0.018193878736840984
2017-08-29,0.0050938467610583665
2017-08-30,0.024389985385735745
2017-08-31,0.022743685377534663
2017-09-01,-0.009896389064875874
2017-09-05,-0.006238565532273864
2017-09-06,0.0014128847306372288
2017-09-07,0.03283282213100358
2017-09-08,-0.0009890547058727973
2017-09-11,-0.010576511207743843
2017-09-12,0.01370789299667948
2017-09-13,0.032083892635556874
2017-09-14,-0.009457533132054085
2017-09-15,-0.024000747281540127
2017-09-18,-0.006535754715481866
2017-09-19,0.008051328826401513
2017-09-20,0.04062018606094336
2017-09-21,0.017398720682782944
2017-09-22,0.003167699094080035
2017-09-25,-0.016028074347651883
2017-09-26,-0.021851979607545185
2017-09-27,0.0315772312895306
2017-09-28,0.021411088614078033
2017-09-29,0.012948380371864056
2017-10-02,-0.006333442036789064
2017-10-03,-0.0037817922477968073
2017-10-04,-0.007157148127278741
2017-10-05,0.017911160575562017
2017-10-06,-0.005400285167929808
2017-10-09,0.003725439537416423
2017-10-10,0.0023368715202160655
2017-10-11,0.0026958078640028143
2017-10-12,0.0037185544072934596
2017-10-13,0.007081183126820113
2017-10-16,0.0060127143242425535
2017-10-17,-0.002870269676855294
2017-10-18,0.012736638339931099
2017-10-19,0.00529462679114082
2017-10-20,0.021989577448731895
2017-10-23,0.009905287533020694
2017-10-24,-0.007739203743900757
2017-10-25,-0.0005365989262358377
2017-10-26,0.004473693482061468
2017-10-27,-0.029172793042914993
2017-10-30,-0.0025222036254799254
2017-10-31,-0.0013547534281100485
2017-11-01,0.0015506304729213803
2017-11-02,0.026036261758323066
2017-11-03,-0.004840318513817802
2017-11-06,-0.0036053435521294216
2017-11-07,-0.0012728365067243346
2017-11-08,0.0004557767654241691
2017-11-09,-0.008203853911198482
2017-11-10,-0.0022399417943240285
2017-11-13,-0.005218067069426711
2017-11-14,-0.010536179121833538
2017-11-15,-0.006923851551112666
2017-11-16,0.00211022863363723
2017-11-17,-0.013354034885298433
2017-11-20,0.005016676406373701
2017-11-21,0.019484911010455876
2017-11-22,-0.022130606887782615
2017-11-24,-0.024543491997095553
2017-11-27,0.004899894628332658
2017-11-28,0.013285036773208494
2017-11-29,-0.011914217390079456
2017-11-30,0.0027255157357488173
2017-12-01,0.008576841235097117
2017-12-04,-0.030574343227398226
2017-12-05,0.003544249227064571
2017-12-06,0.01376790650909478
2017-12-07,-0.005622893637714381
2017-12-08,0.027758334602178802
2017-12-11,0.018427059442370948
2017-12-12,0.007083220296388668
2017-12-13,-0.0015361871588968426
2017-12-14,-0.016406679686351962
2017-12-15,0.039363490424673325
2017-12-18,-0.007919090884207978
2017-12-19,-0.01173196394092011
2017-12-20,0.0015879679284927749
2017-12-21,0.0030754292348596926
2017-12-22,0.004755749406694158
2017-12-26,-0.01953966459691315
2017-12-27,-0.003598975066262929
2017-12-28,-0.0031327144064366235
2017-12-29,0.00869604439780299
2018-01-02,0.0016742135744852865
2018-01-03,-0.0005903951226031668
2018-01-04,0.006596832871996526
2018-01-05,0.01283249325240193
2018-01-08,0.001566627247499358
2018-01-09,-7.671855220486e-05
2018-01-10,-0.0028079682480360133
2018-01-11,0.004826565160544098
2018-01-12,0.015694048374825215
2018-01-16,-0.008466352451019853
2018-01-17,0.015174476183373208
2018-01-18,-0.0004407862311824768
2018-01-19,-0.0004374755301177875
2018-01-22,0.012010620718671986
2018-01-23,0.005942168461740871
2018-01-24,-0.005358224639890211
2018-01-25,0.0007379810544666213
2018-01-26,0.01242942196232506
2018-01-29,-0.0047831718540563535
2018-01-30,-0.008286875427520102
2018-01-31,0.014870642723201394
2018-02-01,-0.0074510343473122
2018-02-02,-0.02917664893088463
2018-02-05,-0.03769973104819079
2018-02-06,0.0364603668376024
2018-02-07,-0.021139700573405487
2018-02-08,-0.04421406586999973
2018-02-09,0.027261406033744016
2018-02-12,0.020330908334251843
2018-02-13,0.008187492498493674
2018-02-14,0.017364622012988707
2018-02-15,0.022110915542420496
2018-02-16,-0.004402220909725638
2018-02-20,0.005513641232345104
2018-02-21,-0.005730566770115933
2018-02-22,0.0027886230895269237
2018-02-23,0.020993574297242745
2018-02-26,0.01583737838267769
2018-02-27,-0.011519907121205689
2018-02-28,-0.004652029791198683
2018-03-01,-0.015476723167926589
2018-03-02,0.004574720434910872
2018-03-05,0.007223319655963304
2018-03-06,-0.0005527660110592198
2018-03-07,0.0033338578340225103
2018-03-08,0.008499609925954096
2018-03-09,0.021976681559921545
2018-03-12,0.005209667084079113
2018-03-13,-0.019040934825983326
2018-03-14,-0.0032998550498611226
2018-03-15,0.0016317834364631594
2018-03-16,-0.0010890421981340462
2018-03-19,-0.019524513874982104
2018-03-20,0.0032315261742654994
2018-03-21,-0.010247922808423899
2018-03-22,-0.026533984762347126
2018-03-23,-0.027441140816969693
2018-03-26,0.0586630002380543
2018-03-27,-0.04037085361004319
2018-03-28,-0.00692748246687634
2018-03-29,0.018020977100694904
2018-04-02,-0.025472254041801357
2018-04-03,0.011718094374715642
2018-04-04,0.022570483469074653
2018-04-05,0.004850395936649733
2018-04-06,-0.07889971264488338
2018-04-09,-0.036017229207012585
2018-04-10,0.07222619055384882
2018-04-11,0.004797872931412192
2018-04-12,0.057444969136657587
2018-04-13,-0.05617378003491292
2018-04-16,0.02255981774439922
2018-04-17,0.012632430080409929
2018-04-18,0.09948335203523374
2018-04-19,-0.022196014202146452
2018-04-20,-0.002697526612365053
2018-04-23,0.03236231989911244
2018-04-24,0.06171108062685754
2018-04-25,-0.05527207763965912
2018-04-26,0.12919269447642062
2018-04-27,0.30675001242770233
2018-04-30,-0.06228577991544096
2018-05-01,-0.04005226618976622
2018-05-02,-0.05665213871322762
2018-05-03,0.03924517942888558
2018-05-04,-0.1239948301947159
2018-05-07,0.05343267956989906
2018-05-08,-0.03874543979239707
2018-05-09,-0.10473240384569217
2018-05-10,-0.05767210886552668
2018-05-11,-0.027611420247121776
2018-05-14,0.002585912995069547
2018-05-15,0.04467204950957329
2018-05-16,0.016856345430690638
2018-05-17,-0.037528173791038295
2018-05-18,0.07524798147265797
2018-05-21,-0.002512248863407035
2018-05-22,0.052404948663991674
2018-05-23,0.039242063295836294
2018-05-24,-0.010750816968715
2018-05-25,0.04242377660450737
2018-05-29,0.09485779002516002
2018-05-30,0.028841895637553086
2018-05-31,-0.10717075868238919
2018-06-01,-0.11610880205416901
2018-06-04,-0.0323860000498422
2018-06-05,0.09222533846295021
2018-06-06,0.027994807889363843
2018-06-07,-0.009012527351252533
2018-06-08,0.05107517950955158
2018-06-11,-0.07288904158538989
2018-06-12,-0.028182611103966485
2018-06-13,0.027241367984260648
2018-06-14,-0.037367628935387295
2018-06-15,-0.07447308958496063
2018-06-18,-0.07746816754244736
2018-06-19,0.07214472398634245
2018-06-20,0.07105391332135864
2018-06-21,-0.0019367174634933731
2018-06-22,-0.05402608530667504
2018-06-25,-0.020422446056723192
2018-06-26,0.13340530595892022
2018-06-27,-0.056040797892459346
2018-06-28,0.08247567887126915
2018-06-29,-0.01246505608970077
2018-07-02,0.01860492101789861
2018-07-03,0.07680663988159625
2018-07-05,-0.09685542844062531
2018-07-06,0.0033683135714546535
2018-07-09,0.02169974991822374
2018-07-10,0.0016536579816554039
2018-07-11,0.005596781827715032
2018-07-12,0.02201080780217458
2018-07-13,0.006061324647384277
2018-07-16,0.009941748815797534
2018-07-17,0.009500760180072626
2018-07-18,0.001967164243241325
2018-07-19,-0.014783158435205009
2018-07-20,-0.009232543068759069
2018-07-23,-0.02062853431631569
2018-07-24,0.017640722386195594
2018-07-25,0.011321563706538033
2018-07-26,-0.03756363664820655
2018-07-27,0.015574772468470242
2018-07-30,-0.016630714398237236
2018-07-31,-0.0038069742932614484
2018-08-01,0.03409299907628374
2018-08-02,0.03131368231500442
2018-08-03,-0.009241626369402648
2018-08-06,0.019790391358914864
2018-08-07,0.0012824707851555942
2018-08-08,0.014660666050211832
2018-08-09,0.010080542202478934
2018-08-10,-0.004852570580270558
2018-08-13,0.013721631150704343
2018-08-14,0.010899270627141803
2018-08-15,-0.014266987594294248
2018-08-16,0.009329601275150498
2018-08-17,0.0049020791881678304
2018-08-20,-0.005121438921106669
2018-08-21,0.009711317606421254
2018-08-22,0.00953949148414239
2018-08-23,-0.002865760090024284
2018-08-24,-0.0038343205008084602
2018-08-27,0.009671446749996033
2018-08-28,0.0050977415849696684
2018-08-29,0.04060050490100991
2018-08-30,0.008135366255291177
2018-08-31,0.012845016282221577
2018-09-04,0.026086489052551617
2018-09-05,-0.015764048987209504
2018-09-06,-0.029670373110602374
2018-09-07,-0.003462108700952862
2018-09-10,-0.01949819652021538
2018-09-11,0.03196024892528168
2018-09-12,-0.001897340890474935
2018-09-13,0.00031295588475705165
2018-09-14,-0.0192504113461955
2018-09-17,-0.04432488801613621
2018-09-18,0.018681130993741236
2018-09-19,-0.005054106509862221
2018-09-20,0.00393593872503125
2018-09-21,-0.02414450068814487
2018-09-24,0.0157746597389903
2018-09-25,0.030029415618519385
2018-09-26,0.00036517439995166706
2018-09-27,0.02937658315437229
2018-09-28,-0.0052990855917265135
2018-10-01,-0.002745616895091277
2018-10-02,-0.018615597331428917
2018-10-03,-0.009492525292914741
2018-10-04,-0.015782894998441772
2018-10-05,-0.011796934746335561
2018-10-08,-0.006204429167835539
2018-10-09,0.020959672364933138
2018-10-10,-0.04943055592143357
2018-10-11,-0.005970686196355908
2018-10-12,0.03693952346959775
2018-10-15,-0.021147669518933473
2018-10-16,0.026330537338029168
2018-10-17,-0.0036351681476484918
2018-10-18,-0.019978370282736815
2018-10-19,0.00949444230752839
2018-10-22,0.008074023259798953
2018-10-23,-0.0027824777074115367
2018-10-24,-0.04133713883158597
2018-10-25,0.03689379356390925
2018-10-26,-0.007683434333089967
2018-10-29,-0.0136674100549408
2018-10-30,-0.001931259112230687
2018-10-31,0.023227111362684946
2018-11-01,0.004535983546214923
2018-11-02,-0.041613115844474455
2018-11-05,-0.0046932817221788155
2018-11-06,0.0035665537980662217
2018-11-07,0.032350698968975536
2018-11-08,-0.0005155970834359884
2018-11-09,-0.020479158710985025
2018-11-12,-0.041186472952484364
2018-11-13,-0.005595482475088733
2018-11-14,-0.030581198840341967
2018-11-15,0.025053753839801084
2018-11-16,0.016135639964538987
2018-11-19,-0.03521949079415969
2018-11-20,-0.05355729931591116
2018-11-21,0.003936903206493132
2018-11-23,-0.013360990328732033
2018-11-26,0.020821097727929415
2018-11-27,0.003985230619337466
2018-11-28,0.035654812774242595
2018-11-29,-0.011515057484957583
2018-11-30,-0.0019305812663817485
2018-12-03,0.025404747910405496
2018-12-04,-0.03287975206892714
2018-12-06,-0.010260954104390659
2018-12-07,-0.04002276176213518
2018-12-10,0.021118933052293246
2018-12-11,-0.0015654335889344713
2018-12-12,0.0006354735426774296
2018-12-13,0.010729143016647598
2018-12-14,-0.035219561498405785
2018-12-17,-0.015965693880396977
2018-12-18,0.011181229068014938
2018-12-19,-0.019765017406601672
2018-12-20,-0.026327315504094853
2018-12-21,-0.03626004818879029
2018-12-24,-0.04381951718467572
2018-12-26,0.06927496279704029
2018-12-27,-0.0013659747770789175
2018-12-28,-0.0035480068376673086
2018-12-31,0.014181405471314324
2019-01-02,-0.006880355705177639
2019-01-03,-0.0844378671252395
2019-01-04,0.04128325782327791
2019-01-07,-0.012928620551207849
2019-01-08,0.06822783930998248
2019-01-09,0.05343080371760271
2019-01-10,0.039802549253073
2019-01-11,-0.011473522096956783
2019-01-14,-0.04030129923285907
2019-01-15,-0.018975437027604347
2019-01-16,0.048712571394714695
2019-01-17,-0.0005039896079467726
2019-01-18,-0.019067533541515413
2019-01-22,-0.026850266847284754
2019-01-23,-0.011929750028679405
2019-01-24,-0.026767401589832557
2019-01-25,0.1236416854751514
2019-01-28,0.0333812736019595
2019-01-29,0.01404230506342559
2019-01-30,0.22510507585671752
2019-01-31,0.04514229085959193
2019-02-01,0.05378072113868409
2019-02-04,0.041676554061047255
2019-02-05,0.033824181376018586
2019-02-06,0.07309496711091357
2019-02-07,-0.05624900292732675
2019-02-08,0.0020283112430842156
2019-02-11,-0.01958920164444022
2019-02-12,-0.034516377431023815
2019-02-13,-0.01806458068927231
2019-02-14,0.015106574600408196
2019-02-15,-0.03233257826406403
2019-02-19,0.009436958354699704
2019-02-20,0.053890800334007706
2019-02-21,-0.06084663310603339
2019-02-22,0.0015973417077043417
2019-02-25,0.024697526779239972
2019-02-26,-0.023170329278067194
2019-02-27,0.019157605984471797
2019-02-28,-0.053375482153732695
2019-03-01,0.013001636123764811
2019-03-04,0.02258403023941184
2019-03-05,-0.015701568079791388
2019-03-06,-0.02500355854827724
2019-03-07,-0.007892177597188126
2019-03-08,0.011012190440871119
2019-03-11,0.07882174910401366
2019-03-12,0.017071693724865975
2019-03-13,0.0022363098809177577
2019-03-14,0.06614568158817695
2019-03-15,0.03851756551515989
2019-03-18,0.01536333310315699
2019-03-19,-0.06274409650773222
2019-03-20,0.014944177039793255
2019-03-21,0.12179920118481083
2019-03-22,-0.004873703085750261
2019-03-25,-0.06067076707289544
2019-03-26,-0.04865511621304534
2019-03-27,0.08780581120696491
2019-03-28,0.009181805867470666
2019-03-29,0.004806886634758197
2019-04-01,-0.01734908569073726
2019-04-02,0.06412042967428101
2019-04-03,0.011430061317605919
2019-04-04,0.010649586912000752
2019-04-05,0.032958725048216946
2019-04-08,0.021944904801465718
2019-04-09,-0.0017491708870922098
2019-04-10,0.006388399744646036
2019-04-11,-0.011907459056664738
2019-04-12,-0.0040054133133378194
2019-04-15,0.0014634575479146657
2019-04-16,-0.003445640915864354
2019-04-17,0.025085397381945203
2019-04-18,0.0070247872580248725
2019-04-22,-0.0007972342772041064
2019-04-23,0.014340135196090323
2019-04-24,0.001574409921437104
2019-04-25,-0.010282258204616736
2019-04-26,-0.01198589144412096
2019-04-29,-0.0018310002386385626
2019-04-30,0.004749311329585441
2019-05-01,0.07275288437082451
2019-05-02,-0.008247771164426394
2019-05-03,0.008142327393415536
2019-05-06,-0.0226492453507312
2019-05-07,-0.03312817393858472
2019-05-08,0.003065083601348552
2019-05-09,-0.012312018717205926
2019-05-10,-0.01728215376517936
2019-05-13,-0.06900929745996484
2019-05-14,0.026098987928024255
2019-05-15,0.001155421527259262
2019-05-16,-0.01045675994352742
2019-05-17,-0.0005496783785271632
2019-05-20,-0.036781648467319385
2019-05-21,0.023748621649870575
2019-05-22,-0.028259131494878503
2019-05-23,-0.01840937168686261
2019-05-24,-0.0033770992222123875
2019-05-28,-0.007038940937687166
2019-05-29,-0.0006387398438962263
2019-05-30,0.007763238900109096
2019-05-31,-0.019275338494248118
2019-06-03,0.011633474514156115
2019-06-04,0.045237790812185874
2019-06-05,0.02861605124058205
2019-06-06,0.020481994014374227
2019-06-07,0.02882749092645518
2019-06-10,0.009447197022658952
2019-06-11,0.015871598231726708
2019-06-12,-0.003823667203741791
2019-06-13,-0.0047239727091181825
2019-06-14,-0.00866055906146047
2019-06-17,0.004933281932945758
2019-06-18,0.029939188460489916
2019-06-19,-0.003595714314809724
2019-06-20,0.008557213369395415
2019-06-21,-0.007832079423766366
2019-06-24,0.0014271271617272868
2019-06-25,-0.012725497158173577
2019-06-26,0.03135310036876543
2019-06-27,0.0006970430011143466
2019-06-28,-0.01379596544447131
2019-07-01,0.0190188689878246
2019-07-02,0.0034878055169551506
2019-07-03,0.0084502200446997
2019-07-05,-0.005342576106299127
2019-07-08,-0.024116733965806724
2019-07-09,-0.02231797217655954
2019-07-10,0.004607419235599649
2019-07-11,0.00682294833662391
2019-07-12,0.007631187475392063
2019-07-15,-0.00959631324628048
2019-07-16,-0.040694505102907154
2019-07-17,-0.00567419226631927
2019-07-18,-0.0003762430807487376
2019-07-19,0.030188137903251193
2019-07-22,0.0207293164742067
2019-07-23,0.004122030715292524
2019-07-24,0.040989927309401264
2019-07-25,-0.0016368535597722222
2019-07-26,-0.1495820439835643
2019-07-29,0.004445218561798749
2019-07-30,0.00571400584373441
2019-07-31,-0.07623845457717068
2019-08-01,0.05158862055572986
2019-08-02,0.00047171516527204013
2019-08-05,-0.02851985772518631
2019-08-06,0.02379714679007485
2019-08-07,0.004294812996432952
2019-08-08,0.028115550295329993
2019-08-09,-0.00019704214034728385
2019-08-12,-0.021104286033888427
2019-08-13,0.01789322444197196
2019-08-14,-0.034709667555855875
2019-08-15,-0.008455940028192575
2019-08-16,0.03159652557389599
2019-08-19,0.014386286147016168
2019-08-20,-0.002474135109156197
2019-08-21,0.01769318820902996
2019-08-22,-0.018649133246263577
2019-08-23,-0.027721594357139764
2019-08-26,0.014404747749793514
2019-08-27,0.009839155761224625
2019-08-28,-0.009653257200242751
2019-08-29,0.019173662234906845
2019-08-30,0.0010383142590770257
2019-09-03,-0.005413377011892352
2019-09-04,0.010742112944299484
2019-09-05,0.004859288969846276
2019-09-06,-0.010545779162093918
2019-09-09,-0.032063522197721184
2019-09-10,-0.034751580378948856
2019-09-11,-0.026046419185672093
2019-09-12,0.011431713580110057
2019-09-13,-0.006452146648424923
2019-09-16,-0.012103040455133806
2019-09-17,0.024332085944991186
2019-09-18,0.015986837108688392
2019-09-19,0.04511111607724603
2019-09-20,-0.01838913814140295
2019-09-23,-0.012996594214765208
2019-09-24,-0.01614686787138924
2019-09-25,0.0006397024002614757
2019-09-26,0.010070261515102024
2019-09-27,-0.014277756758151107
2019-09-30,0.02909765002084265
2019-10-01,-0.021357905119256303
2019-10-02,-0.005665745374775329
2019-10-03,0.01669218911683861
2019-10-04,0.0024407272646185182
2019-10-07,-0.011539996006190685
2019-10-08,-0.04990094818403259
2019-10-09,-0.03029668771681457
2019-10-10,-0.08789995837709996
2019-10-11,-0.07066427872619471
2019-10-14,0.031966161929573765
2019-10-15,0.11675132929558932
2019-10-16,0.09422078838762275
2019-10-17,0.04952383502109468
2019-10-18,-0.11158921966676118
2019-10-21,0.038452204413997604
2019-10-22,-0.03695473203098827
2019-10-23,-0.09663773119462772
2019-10-24,0.01845845333253151
2019-10-25,-0.16684969173663208
2019-10-28,-0.04770718376420047
2019-10-29,0.061295287043082965
2019-10-30,0.04363230565231842
2019-10-31,-0.08577332768370621
2019-11-01,-0.059088389692537616
2019-11-04,0.01652261739248273
2019-11-05,-0.005803736880493636
2019-11-06,-0.021133438333445415
2019-11-07,-0.09080255008810323
2019-11-08,-0.06250659841552386
2019-11-11,-0.10717492076394666
2019-11-12,0.012995370184624587
2019-11-13,-0.1683051724801728
2019-11-14,0.020766565120478673
2019-11-15,-0.16869637186174244
2019-11-18,0.03432672349562738
2019-11-19,0.013199467148587368
2019-11-20,0.020192767378357672
2019-11-21,-0.0310922056930766
2019-11-22,0.05612207477287067
2019-11-25,0.026862024697915474
2019-11-26,0.12914841808604507
2019-11-27,0.039135096835015315
2019-11-29,-0.05429728934565565
2019-12-02,-0.0020030503190148555
2019-12-03,0.02645329283590587
2019-12-04,-0.09507649616448575
2019-12-05,-0.16469059450579424
2019-12-06,-0.06892665848420201
2019-12-09,0.059195675754388555
2019-12-10,-0.07124246131926211
2019-12-11,-0.002348862635335215
2019-12-12,0.01255442511028501
2019-12-13,-0.08432426390442596
2019-12-16,-0.055030314714756806
2019-12-17,0.11432780441036605
2019-12-18,-0.014811026513091442
2019-12-19,0.006712301030221473
2019-12-20,-0.05564691719420719
2019-12-23,-0.039437801129063074
2019-12-24,-0.0219359161683489
2019-12-26,0.2717273283164676
2019-12-27,6.76930209750693e-05
2019-12-30,-0.10343386231275309
2019-12-31,-0.029611525538139713
2020-01-02,0.07472952541607787
2020-01-03,-0.021327148795241627
2020-01-06,0.08649403670173857
2020-01-07,-0.008264695242745326
2020-01-08,0.021574989619614796
2020-01-09,0.021161849663252675
2020-01-10,0.001869852726877327
2020-01-13,0.0211712945005436
2020-01-14,-0.011082208096139336
2020-01-15,0.0004326539239338442
2020-01-16,0.016053025600520857
2020-01-17,0.012794936123677639
2020-01-21,-0.01033644167130333
2020-01-22,0.00121035643077187
2020-01-23,0.00689693515918447
2020-01-24,-0.003922059010811921
2020-01-27,-0.02641555721090558
2020-01-28,0.027836152429580655
2020-01-29,0.022843165536494493
2020-01-30,0.009911001100200365
2020-01-31,-0.058552069787613306
2020-02-03,0.009180278276103623
2020-02-04,0.03551865966984851
2020-02-05,0.006974223228634974
2020-02-06,0.01725625063409577
2020-02-07,-0.013348940842814964
2020-02-10,0.009304833873738304
2020-02-11,-0.0166875097893493
2020-02-12,0.01833049291600267
2020-02-13,-0.006932792719748863
2020-02-14,0.005796520044118804
2020-02-18,-0.01212044169298428
2020-02-19,0.011159933839950571
2020-02-20,-0.01306471042748096
2020-02-21,-0.025752508066534986
2020-02-24,-0.04697407366056425
2020-02-25,-0.02975793891411148
2020-02-26,0.017259783074146627
2020-02-27,-0.07167095808334759
2020-02-28,0.010404705404770048
2020-03-02,0.09429708277364121
2020-03-03,-0.0410148582846018
2020-03-04,0.04472472937860924
2020-03-05,-0.030549330636742023
2020-03-06,-0.020297841080679675
2020-03-09,-0.08014577040047813
2020-03-10,0.07539401646427207
2020-03-11,-0.0387770372023421
2020-03-12,-0.10157093021017327
2020-03-13,0.14267054750366823
2020-03-16,-0.15445492714890602
2020-03-17,0.05508067450146354
2020-03-18,-0.040891100629907653
2020-03-19,-0.005156410092094719
2020-03-20,-0.06236507437386796
2020-03-23,-0.028263213934587392
2020-03-24,0.11488624525520151
2020-03-25,-0.0020636101094130927
2020-03-26,0.06070101001756521
2020-03-27,-0.04427354021814948
2020-03-30,0.046067430424614926
2020-03-31,-0.007003291496019908
2020-04-01,-0.052166895883268574
2020-04-02,0.021010235884623397
2020-04-03,-0.013897323976583716
2020-04-06,0.09064875295868532
2020-04-07,0.03461477336163419
2020-04-08,0.09966398250435729
2020-04-09,0.021340118841344954
2020-04-13,0.0031708870298477465
2020-04-14,0.005935669291079582
2020-04-15,0.004550345110054595
2020-04-16,-0.20793708985213863
2020-04-17,0.02205543701382641
2020-04-20,-0.005360598296745345
2020-04-21,-0.021139234794475215
2020-04-22,0.06749482019675826
2020-04-23,0.117508991084051
2020-04-24,-0.0426891404686625
2020-04-27,0.016333353133161886
2020-04-28,-0.05799775182572514
2020-04-29,0.29455527254617553
2020-04-30,-0.023900515879247172
2020-05-01,0.07188609148000952
2020-05-04,-0.10779669098444541
2020-05-05,0.0751668593866154
2020-05-06,-0.0702163950089597
2020-05-07,0.09325674177998461
2020-05-08,0.07995153057714999
2020-05-11,0.017453735440539936
2020-05-12,0.019354228057816836
2020-05-13,-0.05117649696217148
2020-05-14,0.008440351519991902
2020-05-15,-0.03692191331814414
2020-05-18,0.03210405024651679
2020-05-19,-0.02318735894332822
2020-05-20,0.0833260354766001
2020-05-21,0.06165398812585306
2020-05-22,0.047926035372751516
2020-05-26,0.08632696994464358
2020-05-27,0.008934419875713848
2020-05-28,0.014018341933002216
2020-05-29,-0.030208575042779164
2020-06-01,0.043045407381759354
2020-06-02,-0.031220230166183117
2020-06-03,-0.017616082634865988
2020-06-04,-0.031039330150522515
2020-06-05,0.018089158555320478
2020-06-08,-0.0067375209456385365
2020-06-09,0.03284090517044666
2020-06-10,-0.1551207904176595
2020-06-11,0.009842812931925182
2020-06-12,0.01375066055813988
2020-06-15,0.005212210449176476
2020-06-16,-0.014915899133574023
2020-06-17,0.0014263968006058766
2020-06-18,-0.13500476329101097
2020-06-19,0.00022681077557435217
2020-06-22,-0.046926514743219544
2020-06-23,0.03973670100406396
2020-06-24,-0.035250830030769176
2020-06-25,-0.018239758960527527
2020-06-26,-0.2627505465898917
2020-06-29,0.14289998162961212
2020-06-30,-0.08936805832899354
2020-07-01,0.024246829051146154
2020-07-02,0.06055675378026244
2020-07-06,-0.002113618498760572
2020-07-07,0.04122347852812727
2020-07-08,0.03021903686757679
2020-07-09,0.017540062728308783
2020-07-10,0.004695494216472222
2020-07-13,0.009369905041084252
2020-07-14,0.01526669674723708
2020-07-15,-0.0010950308106506962
2020-07-16,-0.0025879299617381606
2020-07-17,-0.005421223182855341
2020-07-20,0.03169373993585195
2020-07-21,-0.01878901322082529
2020-07-22,-0.018374235315139275
2020-07-23,-0.04470185595318558
2020-07-24,0.007085091813704935
2020-07-27,0.032097510030986064
2020-07-28,-0.024034340458028526
2020-07-29,0.024284325488672372
2020-07-30,0.022460445229369113
2020-07-31,0.19135268225794577
2020-08-03,-0.02383811208461993
2020-08-04,0.032070247772761275
2020-08-05,0.018776551051770236
2020-08-06,0.04000273397962828
2020-08-07,-0.028666731921524715
2020-08-10,0.03906819150340198
2020-08-11,-0.035161412748551626
2020-08-12,0.03711650855885294
2020-08-13,0.02876787505083978
2020-08-14,-0.003319120693068993
2020-08-17,-0.005628720915996114
2020-08-18,0.026383742010766938
2020-08-19,0.00013182738077841807
2020-08-20,0.014635602435188279
2020-08-21,0.08767344887169518
2020-08-24,0.01915467419101065
2020-08-25,-0.021634637729154357
2020-08-26,0.011620695382663113
2020-08-27,-0.04831776122406798
2020-08-28,-0.013749334395124638
2020-08-31,0.07891014219676191
2020-09-01,0.06110890687591271
2020-09-02,-0.05543187186526486
2020-09-03,-0.08417915640435424
2020-09-04,0.008517473956899868
2020-09-08,-0.07288221254116153
2020-09-09,0.04103805935819789
2020-09-10,-0.038361381125769665
2020-09-11,-0.024119003559743023
2020-09-14,0.03908163664456352
2020-09-15,-0.0065697476493734525
2020-09-16,-0.041613128313978655
2020-09-17,-0.02519351488784465
2020-09-18,-0.044198239316742924
2020-09-21,0.04339139579634179
2020-09-22,0.030320749076364152
2020-09-23,-0.052080699176927925
2020-09-24,0.005664459679625953
2020-09-25,0.050077082470955686
2020-09-28,0.04291817962944156
2020-09-29,-0.008062797555505515
2020-09-30,0.01024686944277094
2020-10-01,0.014358331530205154
2020-10-02,-0.035943081979687944
2020-10-05,0.039452108406603105
2020-10-06,-0.04996379389162481
2020-10-07,0.00401699785198506
2020-10-08,-0.011258482036661095
2020-10-09,-0.009143027333785955
2020-10-12,0.18064978491959915
2020-10-13,-0.1325437060538611
2020-10-14,0.03749081574568385
2020-10-15,0.0013066616037794437
2020-10-16,-0.05172861003560587
2020-10-19,-0.029326382590123518
2020-10-20,0.05137630444093229
2020-10-21,-0.017502237906426816
2020-10-22,-0.03824439348202983
2020-10-23,-0.04480501500608676
2020-10-26,0.08329010926771832
2020-10-27,0.004216412223587054
2020-10-28,-0.04025081292062818
2020-10-29,0.12733301614821116
2020-10-30,-0.1796873727812752
2020-11-02,0.0022768126403496
2020-11-03,2.925752918905844e-05
2020-11-04,0.015036768609210355
2020-11-05,0.04429084439801176
2020-11-06,-0.01012816201038602
2020-11-09,0.0050695951936683
2020-11-10,0.10074985440835668
2020-11-11,0.03755507748325852
2020-11-12,0.008338407907505686
2020-11-13,-0.012386326611674324
2020-11-16,0.02668556484929903
2020-11-17,0.006424517675359717
2020-11-18,-0.006626138799541055
2020-11-19,0.002813156374248362
2020-11-20,-0.01714764491076845
2020-11-23,-0.1222451627558605
2020-11-24,-0.004944107743091154
2020-11-25,0.025578257348996665
2020-11-27,0.001976071998894602
2020-11-30,0.1048544859447633
2020-12-01,0.09845552165810167
2020-12-02,0.029434474212030923
2020-12-03,0.013047289419455488
2020-12-04,-0.023181921409574698
2020-12-07,0.05233834818759221
2020-12-08,-0.0055619300979404054
2020-12-09,-0.02434971972507581
2020-12-10,0.06890013339162496
2020-12-11,-0.07000107035571676
2020-12-14,-0.04177380408036127
2020-12-15,0.21282168128585102
2020-12-16,-0.08527824618254444
2020-12-17,0.02610701457395429
2020-12-18,-0.054012268197965646
2020-12-21,-0.004570549069158943
2020-12-22,0.09932398161122617
2020-12-23,0.014441927710861936
2020-12-24,0.009864048539598401
2020-12-28,0.11429010461835476
2020-12-29,-0.050219153120829765
2020-12-30,-0.0005058165333266598
2020-12-31,-0.03909286167474868
2021-01-04,-0.0341892368790538
2021-01-05,0.047846125634499775
2021-01-06,0.009099042309754772
2021-01-07,0.05290901645644277
2021-01-08,0.018358879223760245
2021-01-11,-0.04006488845924564
2021-01-12,-0.010318631793467339
2021-01-13,0.007027710432216221
2021-01-14,-0.0034405632082397247
2021-01-15,-0.011408158173289596
2021-01-19,0.04039388016108047
2021-01-20,0.0590217843913835
2021-01-21,0.030166579469971505
2021-01-22,0.025033182826853677
2021-01-25,0.00742590668900207
2021-01-26,-0.002675813248845412
2021-01-27,-0.07796136257162561
2021-01-28,-0.0370833483277308
2021-01-29,-0.02433714263984145
2021-02-01,0.013360774201575082
2021-02-02,0.025973273973940864
2021-02-03,0.13163348846903916
2021-02-04,0.02132689958142288
2021-02-05,0.024515818857794282
2021-02-08,0.0015230645405158406
2021-02-09,-0.018527311588394865
2021-02-10,0.01526696639911843
2021-02-11,-0.004768707596352301
2021-02-12,0.0033727730217093053
2021-02-16,0.007860872087847366
2021-02-17,-0.02753577264981322
2021-02-18,-0.021634837057472843
2021-02-19,0.018733385032153237
2021-02-22,-0.015568990675933043
2021-02-23,0.007920853533271674
2021-02-24,0.019637975149389156
2021-02-25,-0.042189433804348545
2021-02-26,-0.019809561672202453
2021-03-01,0.06246113552404854
2021-03-02,0.000987631747171959
2021-03-03,-0.01640198335452467
2021-03-04,0.01594191243126655
2021-03-05,0.03487103172301727
2021-03-08,-0.08717081287114763
2021-03-09,0.0072872553035821935
2021-03-10,0.0010421588326670929
2021-03-11,0.034798362979789464
2021-03-12,-0.0435399179974178
2021-03-15,0.03737015583607165
2021-03-16,0.01996809562437506
2021-03-17,-0.015198794798843788
2021-03-18,-0.027856581500334564
2021-03-19,-0.007625044093153294
2021-03-22,-0.01379822416188697
2021-03-23,-0.008574105577129818
2021-03-24,-0.005589972437022084
2021-03-25,0.03039660354407296
2021-03-26,-0.026857749618203426
2021-03-29,0.02191869959316365
2021-03-30,0.009692420779058613
2021-03-31,0.0015617567578067454
2021-04-01,0.020871103733172316
2021-04-05,0.05434589710906765
2021-04-06,0.008759454843532181
2021-04-07,0.0128299831123159
2021-04-08,0.007391778848265945
2021-04-09,-0.020616847891361745
2021-04-12,-0.011673766762803848
2021-04-13,-0.006931942354962776
2021-04-14,0.018609693364305943
2021-04-15,0.01938597110599183
2021-04-16,0.0034473898879982994
2021-04-19,-0.004311599610541603
2021-04-20,0.020672182423336564
2021-04-21,0.0011698424429023853
2021-04-22,-0.00708685151242661
2021-04-23,0.030835938444279454
2021-04-26,-0.02292261771427309
2021-04-27,-0.01242228394374554
2021-04-28,-0.011800019927354147
2021-04-29,0.015617972230273055
2021-04-30,0.0016972298094073662
2021-05-03,0.013695097992325767
2021-05-04,0.011935957113919881
2021-05-05,0.008568679974941219
2021-05-06,0.012402385614746925
2021-05-07,0.03419190685911579
2021-05-10,-0.005588132440742435
2021-05-11,-0.039152551015408925
2021-05-12,-0.04623603339453253
2021-05-13,0.025482392403301145
2021-05-14,0.029793113665299437
2021-05-17,-0.0313037906657539
2021-05-18,0.000419083846261532
2021-05-19,0.01020470667038101
2021-05-20,0.031023171240029915
2021-05-21,0.018793070484715256
2021-05-24,0.05384676245621052
2021-05-25,0.003915566918764848
2021-05-26,0.013113860850018547
2021-05-27,-0.00846555705970622
2021-05-28,0.018309672693655903
2021-06-01,0.00048423417147472163
2021-06-02,-0.020759980075884758
2021-06-03,0.011290132970570741
2021-06-04,0.04292986771464864
2021-06-07,0.036615774533375736
2021-06-08,-0.0363558430680985
2021-06-09,0.0022644338547242984
2021-06-10,0.024831534520762425
2021-06-11,-0.009699705174155668
2021-06-14,-0.019744279534440228
2021-06-15,-0.008198740926990664
2021-06-16,-0.030432609761250593
2021-06-17,-0.011460356177163409
2021-06-18,-0.00961362241622817
2021-06-21,0.034610755025915284
2021-06-22,-0.008227250174022288
2021-06-23,-0.005967936736434436
2021-06-24,0.047313586568898267
2021-06-25,0.00770980368444712
2021-06-28,-0.008357160640255292
2021-06-29,-0.0060924998537654484
2021-06-30,-0.014443821153773862
2021-07-01,0.019936809302646297
2021-07-02,0.01822796720743021
2021-07-06,-0.07330409159115521
2021-07-07,-0.008447828359404958
2021-07-08,-0.005868214594370078
2021-07-09,0.0006154694123342094
2021-07-12,0.004867748383847332
2021-07-13,0.005070029969433194
2021-07-14,0.004309597531344274
2021-07-15,-0.006756060559705743
2021-07-16,0.003139294181720533
2021-07-19,-0.015029794408069045
2021-07-20,0.009666013951120881
2021-07-21,0.011546985355703924
2021-07-22,0.01005113841135073
2021-07-23,0.02604989707864134
2021-07-26,0.00877794727536291
2021-07-27,-0.01669239973807396
2021-07-28,-0.0006199397476966573
2021-07-29,-0.00026646541027892863
2021-07-30,-0.015771484554476328
2021-08-02,0.004140220800752323
2021-08-03,0.0036483916458533846
2021-08-04,-0.001962417376661147
2021-08-05,0.008959464520487735
2021-08-06,0.00022751510273078847
2021-08-09,0.003222720544616365
2021-08-10,-0.002127330176586844
2021-08-11,-0.002352626786433546
2021-08-12,0.0045431002806442244
2021-08-13,0.00358742587429254
2021-08-16,0.0029449640002351934
2021-08-17,-0.010480931825297956
2021-08-18,-0.0034066761187786904
2021-08-19,0.008842006009475106
2021-08-20,0.01606821076301984
2021-08-23,0.013715354485163846
2021-08-24,0.004872212712099706
2021-08-25,0.002858444992716425
2021-08-26,-0.006292141199494937
2021-08-27,0.012182770478182075
2021-08-30,0.006794402706932962
2021-08-31,0.00035839828932750814
2021-09-01,0.0012704778177248521
2021-09-02,-0.009819766202497993
2021-09-03,0.002370465429531705
2021-09-07,0.0008591509187911055
2021-09-08,-0.0010313227343069025
2021-09-09,-0.003717183721161744
2021-09-10,-0.011507460772565446
2021-09-13,0.008077125720308305
2021-09-14,0.004470572388665506
2021-09-15,0.01460155502453155
2021-09-16,-0.0027962457508673164
2021-09-17,-0.018242863785640977
2021-09-20,-0.018444803388064007
2021-09-21,0.0028654942176655554
2021-09-22,0.00966681313566503
2021-09-23,0.005496150608386955
2021-09-24,0.0037246074422622698
2021-09-27,-0.010911534188110387
2021-09-28,-0.0379936473258602
2021-09-29,-0.008902668648797475
2021-09-30,-0.008164570294518881
2021-10-01,0.024559255986889673
2021-10-04,-0.020237565200234744
2021-10-05,0.01855606220653349
2021-10-06,0.024322279831520605
2021-10-07,0.002611910285722663
2021-10-08,-0.32704651866669965
2021-10-11,-0.07628907012275946
2021-10-12,0.37726175103125137
2021-10-13,-0.1197947489398577
2021-10-14,-0.5526782018502913
2021-10-15,0.8684461656219149
2021-10-18,0.08747844293052909
2021-10-19,-0.024349942675307712
2021-10-20,0.1313038008594446
2021-10-21,-0.004822506441727208
2021-10-22,0.06208972459972473
2021-10-25,-0.12333200178930173
2021-10-26,0.25231535577765674
2021-10-27,-1.7150365184424619
2021-10-28,0.7730854591493515
2021-10-29,-1.4419899045497933
2021-11-01,0.4462403217825792
2021-11-02,-0.4778871949943658
2021-11-03,0.48531665515117217
2021-11-04,0.232627748197419
2021-11-05,0.26642550746500854
2021-11-08,-0.34499768996410834
2021-11-09,0.7385782041405392
2021-11-10,-0.2900343496953989
2021-11-11,-0.14733731229166172
2021-11-12,-0.10715805391508171
2021-11-15,0.22202923400094607
2021-11-16,0.014590214305490234
2021-11-17,0.2755356048437628
2021-11-18,1.0847260679829467
2021-11-19,0.17995256714057367
2021-11-22,-0.05820744062911565
2021-11-23,0.2102448339302994
2021-11-24,0.04740068924127601
2021-11-26,0.02907241729141452
2021-11-29,-0.15528375198841685
2021-11-30,0.9114620960182852
2021-12-01,-0.3324665036311663
2021-12-02,-0.5542637554963152
2021-12-03,-0.07858659632170065
2021-12-06,0.2221856476290558
2021-12-07,0.09458423150267659
2021-12-08,0.16443624426464118
2021-12-09,-0.16279488253622296
2021-12-10,-0.30572968710595816
2021-12-13,-0.2051771432724122
2021-12-14,0.4719400285340884
2021-12-15,0.37073095897776365
2021-12-16,-0.41792805589172294
2021-12-17,0.5319515710792816
2021-12-20,-0.36578897571810554
2021-12-21,0.187731344420139
2021-12-22,-0.4218114739117887
2021-12-23,-0.02762829504157807
2021-12-27,-0.3129093980012616
2021-12-28,0.4269422376761077
2021-12-29,-0.24871686896565628
2021-12-30,-0.0009794650744776728
2021-12-31,-0.00040155968606644943
2022-01-03,0.8761664009177377
2022-01-04,-0.3177990360917584
2022-01-05,-0.03001209670952342
2022-01-06,-0.02390486083911273
2022-01-07,0.005636330709507458
2022-01-10,0.0005338091707432382
2022-01-11,0.007561568582810645
2022-01-12,0.0053903746792587255
2022-01-13,-0.02771276765610281
2022-01-14,0.011013855602957073
2022-01-18,-0.018858905986897073
2022-01-19,-0.018051084135315518
2022-01-20,0.005395170223155707
2022-01-21,0.016974033567060374
2022-01-24,-0.01529142711949898
2022-01-25,-0.000988574083637183
2022-01-26,0.011035360437269971
2022-01-27,-0.002151856594243188
2022-01-28,0.08564874990337293
2022-01-31,0.012811183634471313
2022-02-01,-0.01693825025014844
2022-02-02,-0.005360330888225694
2022-02-03,0.016152088467159882
2022-02-04,-0.07715449096251607
2022-02-07,-0.005433706094507001
2022-02-08,0.018852490312177124
2022-02-09,0.018026512517689965
2022-02-10,-0.03314642857110912
2022-02-11,-0.00860805187198745
2022-02-14,-0.008342870178559331
2022-02-15,0.0347300047894695
2022-02-16,-0.01138311093070371
2022-02-17,-0.0192018208743117
2022-02-18,-0.005571445958883273
2022-02-22,-0.014053230389317817
2022-02-23,-0.023997273720616837
2022-02-24,0.00836334272030401
2022-02-25,0.008961702632250339
2022-02-28,0.004744133599591389
2022-03-01,-0.011892906147189325
2022-03-02,0.03356221325515462
2022-03-03,0.007745996315704871
2022-03-04,-0.022041342212089414
2022-03-07,-0.004442119480601678
2022-03-08,-0.018295256043965157
2022-03-09,0.041130820291113285
2022-03-10,-0.07407278295838915
2022-03-11,-0.033265906221470305
2022-03-14,-0.020031671691495525
2022-03-15,0.030851481981330125
2022-03-16,0.020487858846064452
2022-03-17,-0.00779817551092843
2022-03-18,0.018135595125513555
2022-03-21,0.010308886125559587
2022-03-22,0.01608282940670909
2022-03-23,0.014445183092673935
2022-03-24,0.032706483096280284
2022-03-25,0.00013278432594091092
2022-03-28,0.0021702404272410996
2022-03-29,0.030985085114515122
2022-03-30,6.817210525062942e-05
2022-03-31,-0.015365859487388311
2022-04-01,-0.005417473822163179
2022-04-04,0.01849679127558821
2022-04-05,-0.012440939374443644
2022-04-06,-0.0892951442783856
2022-04-07,0.0634005489367228
2022-04-08,0.0021196380254168284
2022-04-11,-0.10327348872913972
2022-04-12,-0.04795389251211564
2022-04-13,0.02166467869782955
2022-04-14,-0.03926195556789659
2022-04-18,-0.00968600049668094
2022-04-19,-0.014224319658003741
2022-04-20,0.11571708250574347
2022-04-21,0.010086819290784116
2022-04-22,0.040238826904562236
2022-04-25,0.041424151690566804
2022-04-26,-0.04761922564854815
2022-04-27,0.44345811655262335
2022-04-28,-0.08193023627546848
2022-04-29,0.07599531951871963
2022-05-02,0.09973634917127186
2022-05-03,-0.09446613894683194
2022-05-04,0.01218156467763104
2022-05-05,0.0259457771392565
2022-05-06,-0.018060570880542935
2022-05-09,-0.06509963113227639
2022-05-10,0.06263164956000239
2022-05-11,-0.10166229707032987
2022-05-12,-0.10125082788199644
2022-05-13,-0.057083122547914686
2022-05-16,0.09388213710935077
2022-05-17,-0.0023180886068732975
2022-05-18,-0.024964958762845657
2022-05-19,0.044153633214329545
2022-05-20,0.01979222632200979
2022-05-23,0.10126086721323853
2022-05-24,0.1979216631520726
2022-05-25,0.03837798125403274
2022-05-26,-0.06790762158537658
2022-05-27,-0.041764101075151716
2022-05-31,-0.1224190931100986
2022-06-01,-0.005653406528410635
2022-06-02,-0.10730054147259273
2022-06-03,0.0501615616797796
2022-06-06,-0.12990658035655045
2022-06-07,0.08701539860889798
2022-06-08,-0.024422813457760446
2022-06-09,0.020592893125426434
2022-06-10,-0.0787354091950585
2022-06-13,-0.034642727544987706
2022-06-14,0.06218734171928851
2022-06-15,0.00783621915884894
2022-06-16,0.022173411771494428
2022-06-17,-0.01064403796953578
2022-06-21,-0.024787445984825546
2022-06-22,-0.015714013276490458
2022-06-23,0.06276017318573998
2022-06-24,-0.013276314755548607
2022-06-27,0.020357338587897407
2022-06-28,0.0028428827601455486
2022-06-29,0.07161210917741266
2022-06-30,0.04683565024968548
2022-07-01,0.01749776967332752
2022-07-05,-0.12385163176786934
2022-07-06,0.027180173709023044
2022-07-07,-0.10540481205298927
2022-07-08,-0.014038303173563565
2022-07-11,-0.04170638511542129
2022-07-12,0.017707924266255053
2022-07-13,0.04745587938269222
2022-07-14,0.024242684446468016
2022-07-15,0.04425321520387383
2022-07-18,0.019814991655393376
2022-07-19,0.04434157531156753
2022-07-20,0.08301336361365119
2022-07-21,0.032906798595274414
2022-07-22,0.02955128814633725
2022-07-25,-0.021493578179501094
2022-07-26,-0.06562504845006473
2022-07-27,-0.0024844555463907556
2022-07-28,-0.013812214143283826
2022-07-29,0.21836140083563496
2022-08-01,0.021718424454127035
2022-08-02,-0.018935476727007544
2022-08-03,0.06655788254601341
2022-08-04,0.03966470935795191
2022-08-05,-0.01972150278573416
2022-08-08,-0.013010243459001458
2022-08-09,-0.02668515273067639
2022-08-10,0.04717061153382515
2022-08-11,-0.02004660574114865
2022-08-12,0.022638634771338127
2022-08-15,-0.007352080969828123
2022-08-16,0.028920955377970178
2022-08-17,-0.011128236344215447
2022-08-18,0.0009246381300809271
2022-08-19,-0.03812108831824673
2022-08-22,-0.04158600997556135
2022-08-23,0.012335676575274507
2022-08-24,0.007809197547887364
2022-08-25,0.03210092401791585
2022-08-26,-0.04170345520357481
2022-08-29,-0.008368146594700272
2022-08-30,-0.018652855168520686
2022-08-31,-0.02961382488639853
2022-09-01,0.014360242314409737
2022-09-02,0.017012256999457326
2022-09-06,-0.008314905897874553
2022-09-07,0.017596148245541655
2022-09-08,0.00398794968276836
2022-09-09,0.028155249114371676
2022-09-12,0.07750091646734218
2022-09-13,-0.0883833946635965
2022-09-14,0.03211047101322533
2022-09-15,-0.007342481646470094
2022-09-16,-0.051628013665679456
2022-09-19,0.04226111904817158
2022-09-20,0.000631637650533895
2022-09-21,-0.04972476017137985
2022-09-22,-0.04322602619224378
2022-09-23,-0.05111675948024995
2022-09-26,0.03369822673816184
2022-09-27,0.004386349833359558
2022-09-28,0.00728018977254169
2022-09-29,-0.06264894072589944
2022-09-30,-0.021135258973996644
2022-10-03,0.014248439233861532
2022-10-04,0.05241129832290618
2022-10-05,-0.00018214013652666922
2022-10-06,0.027940304395638695
2022-10-07,0.06138856552365339
2022-10-10,-0.032441552324388986
2022-10-11,0.018179335847633805
2022-10-12,2.077367218971532e-05
2022-10-13,0.05630427684468795
2022-10-14,0.07544634642319176
2022-10-17,-0.050222468441800644
2022-10-18,-0.060010620387709906
2022-10-19,-0.026995035518905086
2022-10-20,0.012909131609405457
2022-10-21,-0.10702462339933416
2022-10-24,0.05476998557663733
2022-10-25,0.06269143758954186
2022-10-26,-0.40981577437450756
2022-10-27,0.05132771201853256
2022-10-28,0.39761138527618134
2022-10-31,-0.06380268549997122
2022-11-01,-0.03518769268761582
2022-11-02,-0.0002717509453632472
2022-11-03,-0.07306733909408886
2022-11-04,0.17023155332344
2022-11-07,0.15307481927158278
2022-11-08,0.034355882016806026
2022-11-09,0.10090534749399444
2022-11-10,-0.10041049778079425
2022-11-11,-0.021730766003331126
2022-11-14,0.04843292257904415
2022-11-15,0.13023552073363576
2022-11-16,0.09647314988276647
2022-11-17,0.03636736111114368
2022-11-18,-0.02076747491953536
2022-11-21,-0.01901394130357012
2022-11-22,0.04406959860796604
2022-11-23,0.0475975608227025
2022-11-25,-0.014778615913496655
2022-11-28,-0.06926256533605338
2022-11-29,0.04050797620367711
2022-11-30,0.15164186101814223
2022-12-01,0.02605236017137741
2022-12-02,0.03180643453770465
2022-12-05,0.07150334055443996
2022-12-06,-0.007287789067334294
2022-12-07,-0.11892307514500133
2022-12-08,-0.16680020622802205
2022-12-09,-0.0012970641210646935
2022-12-12,-0.045138718496997916
2022-12-13,0.06050011993125727
2022-12-14,0.02689991770245803
2022-12-15,-0.0666647375199584
2022-12-16,0.019440389460559915
2022-12-19,0.030628532553210894
2022-12-20,0.02252842371330132
2022-12-21,-0.060115568857317836
2022-12-22,0.0243923342432181
2022-12-23,0.044501243579567765
2022-12-27,-0.009380831523380484
2022-12-28,-0.000822196711958767
2022-12-29,0.02900739405305494
2022-12-30,-0.0119911062441801
